scenario,source_version_section,source_kind,modeled_behavior,implementation,expected_invariant,result,limitation
S01,FedNow Operating Procedures 3.6 §15(e),public rail rule,service settlement and rejection are distinct,src/main/java/io/openfednow/reliability; harness/scenarios-v1.json,linked state and money effects,pass: common external oracle on four configurations,synthetic status only; bridge is non-production
S02,FedNow Operating Procedures 3.6 §15(e)-(f),public rail rule,inquire when final status missing,src/main/java/io/openfednow/reliability; harness/scenarios-v1.json,hold retained without second send then one reconciliation,pass: common external oracle on four configurations and S05 restart,synthetic timing and status authority only; no live pacs.028
S03,FedNow Operating Procedures 3.6 §15(e),public rail rule,rejection needs final status,src/main/java/io/openfednow/reliability; harness/scenarios-v1.json,release exactly once after evidence,pass: common external oracle on four configurations,synthetic rejection authority only
S04,Engineering decision,design invariant,transport and inquiry errors do not imply payment rejection,harness/edge_cases.py; src/main/java/io/openfednow/reliability,no fabricated rejection and inspectable pending,pass: Java external eight submit/inquiry response variants,separate Java edge runner; not exercised on Python target; no live wire format
S05,Engineering decision,design invariant,post-effect pre-ack crash is ambiguous,src/main/java/io/openfednow/reliability; harness/scenarios-v1.json,restart inquires without resend or refund,pass: Java SIGKILL after independently recorded remote effect,one deterministic kill boundary; no randomized population
S06,Engineering decision,design invariant,concurrent duplicate claims need atomic ownership,src/main/java/io/openfednow/reliability; harness/scenarios-v1.json,one operation and at most one intended effect,pass: two-request external barrier on four configurations,one deterministic schedule per configuration
S07,Engineering decision,design invariant,scope and payload fingerprint identify an operation,src/main/java/io/openfednow/reliability; harness/scenarios-v1.json,changed payload conflicts and distinct scopes remain separate,pass: amount/payee conflict and distinct institution scope on four configurations,synthetic identity and fingerprint only
S08,Engineering decision,design invariant,cache loss must not erase obligation,src/main/java/io/openfednow/reliability; harness/scenarios-v1.json,durable state survives Redis loss,pass: Java PostgreSQL/Redis integration,not repeated as external combined restart/cache-loss case
S09,Engineering decision,design invariant,crash boundaries retain effect intents,src/main/java/io/openfednow/reliability; harness/scenarios-v1.json,each boundary recovers or remains unresolved,partial: Java pre-send reserved replay and S05 post-effect kill,no broker/outbox commit matrix in reference slice
S10,FedNow Operating Procedures 3.6 §15(e),public rail rule,service status and participant posting status differ,src/main/java/io/openfednow/reliability; harness/scenarios-v1.json,no final regression or double effect,partial: Java duplicate/conflicting service event and posting separation,no external event matrix or live authority/signature
S11,Engineering decision,design invariant,lease fencing across inquiry workers,harness/two_worker_case.py; src/main/java/io/openfednow/reliability,stale worker cannot mutate final state,pass: external two-JVM lease contention expiry and stale fencing,one deterministic process schedule; no randomized worker population
S12,FedNow Operating Procedures 3.6 §15(e)-(f),public rail rule,inquiry timing and eligibility,harness/edge_cases.py; harness/restart_case.py,too-early withheld and expired investigated,pass: Java early/aged inquiry and investigation retained across restart,synthetic age only; live cycle/calendar-day eligibility unresolved
S13,Engineering decision,design invariant,financial reversal and return are separate effects,ReliablePaymentService; HttpFedNowClient; FedNowGateway,failed effect remains retryable and return unknown remains unresolved,partial: Java failed release rollback/retry and unknown return client,durable return operation unsupported; gateway disabled
S14,Engineering decision,design invariant,other channels can spend a cached balance,src/main/java/io/openfednow/reliability; harness/scenarios-v1.json,unsafe send refused absent shared reservation,pass: external refusal on four configurations,synthetic exclusive-control capability; no bank core validation
S15,Engineering decision,design invariant,missing required core capability fails closed,harness/edge_cases.py; V12__synthetic_core_availability.sql,unsupported send disabled,pass: Java external core outage refusal and delayed async ack/recovery,fixture-only availability; no actual core/vendor outage
S16,Engineering decision,design invariant,exact USD minor units and atomic reservations,src/main/java/io/openfednow/reliability; harness/scenarios-v1.json,no overspend or invalid financial effect,pass: invalid amounts and simultaneous distinct reservations on four configurations,one deterministic concurrency schedule per configuration
S17,Engineering decision,design invariant,independent rail oracle checks local report,src/main/java/io/openfednow/reliability; harness/scenarios-v1.json,corrupt success detected by effect mismatch,pass: independent simulator detects corrupted local success on four configurations,author-built oracle mutation; not a separate target build
S18,Engineering decision,design invariant,scenario contract portable across implementations,harness/evaluate_external.py; harness/run.py,same oracle on distinct fixtures and target,pass: same eight-case oracle across Java sync/async/bridge and Python target,all author-built; driver effort not timed; no bank reuse
